outside_level_surrounding;0;-31.89;51.05;2.00;0.00;0.00;0.00
outside_level_asd;1;3.62;75.53;3.00;0.00;-0.00;-95.00
outside_level_asd;2;4.47;84.47;3.00;0.00;-0.00;-95.00
outside_level_asd;3;5.25;93.44;3.00;0.00;-0.00;-95.00
outside_level_asd;4;6.46;84.30;3.00;0.00;-0.00;-95.00
outside_level_asd;5;5.67;75.33;3.00;0.00;-0.00;-95.00
outside_level_asd;6;5.67;99.46;3.00;0.00;-0.00;-95.00
outside_level_asd;7;6.53;108.40;3.00;0.00;-0.00;-95.00
outside_level_asd;8;7.31;117.37;3.00;0.00;-0.00;-95.00
outside_level_asd;9;7.73;99.26;3.00;0.00;-0.00;-95.00
outside_level_asd;10;8.52;108.23;3.00;0.00;-0.00;-95.00
outside_level_asd;11;9.30;117.20;3.00;0.00;-0.00;-95.00
outside_level_asd;0;7.24;93.26;3.00;0.00;-0.00;-95.00
outside_level_krigarnas;0;-283.52;125.45;14.79;0.00;-0.00;175.00
outside_level_shard;0;91.02;-2.69;-8.97;0.00;0.00;0.00
text_tag_chiuateteo;2;-39.36;111.88;4.94;0.00;0.00;0.00
outside_level_wfwefa;0;65.44;74.37;-10.00;0.00;-0.00;175.00
outside_level_pillar2;0;-150.00;57.00;3.00;0.00;-0.00;0.00
outside_level_pillar2;24;-150.00;57.00;5.00;0.00;-0.00;0.00
outside_level_pillar2;25;-150.00;57.00;7.00;0.00;-0.00;0.00
outside_level_pillar2;26;-148.00;57.00;5.00;0.00;-0.00;0.00
outside_level_pillar2;27;-148.00;57.00;3.00;0.00;-0.00;0.00
outside_level_pillar2;28;-144.00;57.00;3.00;0.00;-0.00;0.00
outside_level_pillar2;29;-144.00;57.00;5.00;0.00;-0.00;0.00
outside_level_pillar2;30;-146.00;57.00;7.00;0.00;-0.00;0.00
outside_level_pillar2;31;-146.00;57.00;5.00;0.00;-0.00;0.00
outside_level_pillar2;32;-146.00;57.00;3.00;0.00;-0.00;0.00
outside_level_pillar2;33;-138.00;57.00;3.00;0.00;-0.00;0.00
outside_level_pillar2;34;-138.00;57.00;5.00;0.00;-0.00;0.00
outside_level_pillar2;35;-138.00;57.00;7.00;0.00;-0.00;0.00
outside_level_pillar2;36;-136.00;57.00;5.00;0.00;-0.00;0.00
outside_level_pillar2;37;-136.00;57.00;3.00;0.00;-0.00;0.00
outside_level_pillar2;38;-140.00;57.00;3.00;0.00;-0.00;0.00
outside_level_pillar2;39;-140.00;57.00;5.00;0.00;-0.00;0.00
outside_level_pillar2;40;-142.00;57.00;7.00;0.00;-0.00;0.00
outside_level_pillar2;41;-142.00;57.00;5.00;0.00;-0.00;0.00
outside_level_pillar2;42;-142.00;57.00;3.00;0.00;-0.00;0.00
outside_level_pillar2;43;-126.00;57.00;3.00;0.00;-0.00;0.00
outside_level_pillar2;44;-126.00;57.00;5.00;0.00;-0.00;0.00
outside_level_pillar2;45;-126.00;57.00;7.00;0.00;-0.00;0.00
outside_level_pillar2;46;-124.00;57.00;5.00;0.00;-0.00;0.00
outside_level_pillar2;47;-124.00;57.00;3.00;0.00;-0.00;0.00
outside_level_pillar2;48;-120.00;57.00;3.00;0.00;-0.00;0.00
outside_level_pillar2;49;-120.00;57.00;5.00;0.00;-0.00;0.00
outside_level_pillar2;50;-122.00;57.00;7.00;0.00;-0.00;0.00
outside_level_pillar2;51;-122.00;57.00;5.00;0.00;-0.00;0.00
outside_level_pillar2;52;-122.00;57.00;3.00;0.00;-0.00;0.00
outside_level_pillar2;53;-130.00;57.00;3.00;0.00;-0.00;0.00
outside_level_pillar2;54;-130.00;57.00;5.00;0.00;-0.00;0.00
outside_level_pillar2;55;-130.00;57.00;7.00;0.00;-0.00;0.00
outside_level_pillar2;56;-128.00;57.00;5.00;0.00;-0.00;0.00
outside_level_pillar2;57;-128.00;57.00;3.00;0.00;-0.00;0.00
outside_level_pillar2;58;-132.00;57.00;3.00;0.00;-0.00;0.00
outside_level_pillar2;59;-132.00;57.00;5.00;0.00;-0.00;0.00
outside_level_pillar2;60;-134.00;57.00;7.00;0.00;-0.00;0.00
outside_level_pillar2;61;-134.00;57.00;5.00;0.00;-0.00;0.00
outside_level_pillar2;62;-134.00;57.00;3.00;0.00;-0.00;0.00
outside_level_pillar2;63;-102.00;57.00;3.00;0.00;-0.00;0.00
outside_level_pillar2;64;-102.00;57.00;5.00;0.00;-0.00;0.00
outside_level_pillar2;65;-102.00;57.00;7.00;0.00;-0.00;0.00
outside_level_pillar2;66;-100.00;57.00;5.00;0.00;-0.00;0.00
outside_level_pillar2;67;-100.00;57.00;3.00;0.00;-0.00;0.00
outside_level_pillar2;68;-96.00;57.00;3.00;0.00;-0.00;0.00
outside_level_pillar2;69;-96.00;57.00;5.00;0.00;-0.00;0.00
outside_level_pillar2;70;-98.00;57.00;7.00;0.00;-0.00;0.00
outside_level_pillar2;71;-98.00;57.00;5.00;0.00;-0.00;0.00
outside_level_pillar2;72;-98.00;57.00;3.00;0.00;-0.00;0.00
outside_level_pillar2;73;-90.00;57.00;3.00;0.00;-0.00;0.00
outside_level_pillar2;74;-90.00;57.00;5.00;0.00;-0.00;0.00
outside_level_pillar2;75;-90.00;57.00;7.00;0.00;-0.00;0.00
outside_level_pillar2;76;-88.00;57.00;5.00;0.00;-0.00;0.00
outside_level_pillar2;77;-88.00;57.00;3.00;0.00;-0.00;0.00
outside_level_pillar2;78;-92.00;57.00;3.00;0.00;-0.00;0.00
outside_level_pillar2;79;-92.00;57.00;5.00;0.00;-0.00;0.00
outside_level_pillar2;80;-94.00;57.00;7.00;0.00;-0.00;0.00
outside_level_pillar2;81;-94.00;57.00;5.00;0.00;-0.00;0.00
outside_level_pillar2;82;-94.00;57.00;3.00;0.00;-0.00;0.00
outside_level_pillar2;83;-110.00;57.00;3.00;0.00;-0.00;0.00
outside_level_pillar2;84;-110.00;57.00;5.00;0.00;-0.00;0.00
outside_level_pillar2;85;-110.00;57.00;7.00;0.00;-0.00;0.00
outside_level_pillar2;86;-108.00;57.00;5.00;0.00;-0.00;0.00
outside_level_pillar2;87;-108.00;57.00;3.00;0.00;-0.00;0.00
outside_level_pillar2;88;-104.00;57.00;3.00;0.00;-0.00;0.00
outside_level_pillar2;89;-104.00;57.00;5.00;0.00;-0.00;0.00
outside_level_pillar2;90;-106.00;57.00;7.00;0.00;-0.00;0.00
outside_level_pillar2;91;-106.00;57.00;5.00;0.00;-0.00;0.00
outside_level_pillar2;92;-106.00;57.00;3.00;0.00;-0.00;0.00
outside_level_pillar2;93;-114.00;57.00;3.00;0.00;-0.00;0.00
outside_level_pillar2;94;-114.00;57.00;5.00;0.00;-0.00;0.00
outside_level_pillar2;95;-114.00;57.00;7.00;0.00;-0.00;0.00
outside_level_pillar2;96;-112.00;57.00;5.00;0.00;-0.00;0.00
outside_level_pillar2;97;-112.00;57.00;3.00;0.00;-0.00;0.00
outside_level_pillar2;98;-116.00;57.00;3.00;0.00;-0.00;0.00
outside_level_pillar2;99;-116.00;57.00;5.00;0.00;-0.00;0.00
outside_level_pillar2;100;-118.00;57.00;7.00;0.00;-0.00;0.00
outside_level_pillar2;101;-118.00;57.00;5.00;0.00;-0.00;0.00
outside_level_pillar2;102;-118.00;57.00;3.00;0.00;-0.00;0.00
outside_level_pillar2;103;-84.00;57.00;3.00;0.00;-0.00;0.00
outside_level_pillar2;104;-84.00;57.00;5.00;0.00;-0.00;0.00
outside_level_pillar2;105;-86.00;57.00;7.00;0.00;-0.00;0.00
outside_level_pillar2;106;-86.00;57.00;5.00;0.00;-0.00;0.00
outside_level_pillar2;107;-86.00;57.00;3.00;0.00;-0.00;0.00
outside_level_pillar2;108;-82.00;57.00;3.00;0.00;-0.00;0.00
outside_level_pillar2;109;-82.00;57.00;5.00;0.00;-0.00;0.00
outside_level_pillar2;110;-82.00;57.00;7.00;0.00;-0.00;0.00
outside_level_pillar2;111;-80.00;57.00;5.00;0.00;-0.00;0.00
outside_level_pillar2;112;-80.00;57.00;3.00;0.00;-0.00;0.00
outside_level_pillar2;113;-80.00;57.00;1.00;0.00;-0.00;0.00
outside_level_pillar2;114;-82.00;57.00;1.00;0.00;-0.00;0.00
outside_level_pillar2;115;-86.00;57.00;1.00;0.00;-0.00;0.00
outside_level_pillar2;116;-84.00;57.00;1.00;0.00;-0.00;0.00
outside_level_pillar2;117;-118.00;57.00;1.00;0.00;-0.00;0.00
outside_level_pillar2;118;-116.00;57.00;1.00;0.00;-0.00;0.00
outside_level_pillar2;119;-112.00;57.00;1.00;0.00;-0.00;0.00
outside_level_pillar2;120;-114.00;57.00;1.00;0.00;-0.00;0.00
outside_level_pillar2;121;-106.00;57.00;1.00;0.00;-0.00;0.00
outside_level_pillar2;122;-104.00;57.00;1.00;0.00;-0.00;0.00
outside_level_pillar2;123;-108.00;57.00;1.00;0.00;-0.00;0.00
outside_level_pillar2;124;-110.00;57.00;1.00;0.00;-0.00;0.00
outside_level_pillar2;125;-94.00;57.00;1.00;0.00;-0.00;0.00
outside_level_pillar2;126;-92.00;57.00;1.00;0.00;-0.00;0.00
outside_level_pillar2;127;-88.00;57.00;1.00;0.00;-0.00;0.00
outside_level_pillar2;128;-90.00;57.00;1.00;0.00;-0.00;0.00
outside_level_pillar2;129;-98.00;57.00;1.00;0.00;-0.00;0.00
outside_level_pillar2;130;-96.00;57.00;1.00;0.00;-0.00;0.00
outside_level_pillar2;131;-100.00;57.00;1.00;0.00;-0.00;0.00
outside_level_pillar2;132;-102.00;57.00;1.00;0.00;-0.00;0.00
outside_level_pillar2;133;-134.00;57.00;1.00;0.00;-0.00;0.00
outside_level_pillar2;134;-132.00;57.00;1.00;0.00;-0.00;0.00
outside_level_pillar2;135;-128.00;57.00;1.00;0.00;-0.00;0.00
outside_level_pillar2;136;-130.00;57.00;1.00;0.00;-0.00;0.00
outside_level_pillar2;137;-122.00;57.00;1.00;0.00;-0.00;0.00
outside_level_pillar2;138;-120.00;57.00;1.00;0.00;-0.00;0.00
outside_level_pillar2;139;-124.00;57.00;1.00;0.00;-0.00;0.00
outside_level_pillar2;140;-126.00;57.00;1.00;0.00;-0.00;0.00
outside_level_pillar2;141;-142.00;57.00;1.00;0.00;-0.00;0.00
outside_level_pillar2;142;-140.00;57.00;1.00;0.00;-0.00;0.00
outside_level_pillar2;143;-136.00;57.00;1.00;0.00;-0.00;0.00
outside_level_pillar2;144;-138.00;57.00;1.00;0.00;-0.00;0.00
outside_level_pillar2;145;-146.00;57.00;1.00;0.00;-0.00;0.00
outside_level_pillar2;146;-144.00;57.00;1.00;0.00;-0.00;0.00
outside_level_pillar2;147;-148.00;57.00;1.00;0.00;-0.00;0.00
outside_level_pillar2;148;-150.00;57.00;1.00;0.00;-0.00;0.00
outside_level_Trappa;0;-36.88;94.24;4.80;0.00;0.00;355.11
outside_level_Trappa;1;-36.53;98.12;2.95;0.00;0.00;355.11
outside_level_Trappa;2;10.84;101.58;2.98;0.00;-0.00;265.11
outside_level_Trappa;3;11.55;109.54;3.00;0.00;-0.00;265.11
outside_level_Trappa;4;12.30;117.44;2.98;0.00;-0.00;265.11
outside_level_Trappa;6;84.78;67.09;-7.00;0.00;-0.00;55.79
outside_level_Trappa;7;83.65;65.44;-7.00;0.00;-0.00;55.79
outside_level_Trappa;8;81.47;69.34;-9.00;0.00;-0.00;55.79
outside_level_Trappa;9;80.35;67.69;-9.00;0.00;-0.00;55.79
outside_level_Trappa;10;44.61;73.48;-1.00;0.00;0.00;270.02
outside_level_Trappa;11;44.61;75.48;-1.00;0.00;0.00;270.02
outside_level_Trappa;15;40.61;77.48;1.00;0.00;0.00;270.02
outside_level_Trappa;16;40.61;75.48;1.00;0.00;0.00;270.02
outside_level_Trappa;17;40.61;73.48;1.00;0.00;0.00;270.02
outside_level_Trappa;18;19.88;65.86;2.95;0.00;-0.00;265.11
outside_level_Trappa;19;10.46;59.53;2.95;0.00;-0.00;265.11
outside_level_Trappa;20;-5.47;74.58;2.95;0.00;-0.00;265.11
outside_level_Trappa;21;-9.38;74.92;4.92;0.00;-0.00;265.11
outside_level_Trappa;22;-5.81;93.92;4.95;0.00;0.00;355.11
outside_level_Trappa;23;25.40;84.08;2.86;0.00;0.00;175.11
outside_level_Trappa;24;23.41;84.25;2.86;0.00;0.00;175.11
outside_level_Trappa;25;23.76;88.24;4.88;0.00;0.00;175.11
outside_level_Trappa;26;25.75;88.07;4.88;0.00;0.00;175.11
outside_level_Trappa;27;10.24;93.50;2.98;0.00;-0.00;265.11
outside_level_Trappa;28;9.50;85.61;3.00;0.00;-0.00;265.11
outside_level_Trappa;31;8.78;77.64;2.98;0.00;-0.00;265.11
outside_level_Trappa;127;-141.64;117.38;-2.10;0.00;-0.00;298.18
outside_level_Trappa;128;-132.90;106.33;0.32;0.00;0.00;209.59
outside_level_Trappa;129;-134.60;105.34;0.32;0.00;0.00;209.59
outside_level_Trappa;130;-142.04;102.22;-1.71;0.00;0.00;299.59
outside_level_Trappa;131;-143.03;103.92;-1.71;0.00;0.00;299.59
outside_level_Trappa;132;-152.42;118.22;-2.35;0.00;-0.00;298.18
outside_level_Trappa;133;-162.61;101.87;-2.39;0.00;-0.00;389.78
outside_level_Trappa;134;-160.62;98.38;-0.38;0.00;-0.00;389.78
outside_level_hill3er;0;-20.96;86.13;2.00;0.00;-0.00;175.00
outside_level_grounda;0;237.30;78.48;-18.21;0.00;-0.00;175.00
sound_tag_rain;0;114.53;49.54;-6.46;0.00;0.00;0.00
outside_level_something;0;-298.04;126.38;21.76;90.00;-0.00;85.00
sound_tag_egle;0;-75.37;117.16;-2.11;0.00;0.00;0.00
outside_level_groundb;0;105.17;52.94;-7.00;0.00;-0.00;175.00
sound_tag_ape;0;29.07;75.30;4.28;0.00;0.00;0.00
text_tag_glyphs;0;-240.77;128.14;11.48;0.00;0.00;0.00
text_tag_glyphs;1;-244.19;64.77;11.99;0.00;0.00;0.00
outside_level_pyramidic;0;-113.00;128.00;-1.00;90.00;-0.00;0.00
outside_level_tyu;0;-21.18;12.84;-0.00;90.00;-0.00;0.00
outside_level_tyu;1;69.71;68.81;-0.41;90.00;-0.00;30.00
outside_level_tyu;2;-25.00;66.00;12.00;90.00;-0.00;0.00
outside_level_tyu;3;-50.60;86.43;12.00;90.00;-0.00;145.00
outside_level_tyu;4;23.42;0.00;0.00;90.00;-0.00;0.00
outside_level_tyu;5;134.87;37.61;1.59;90.00;-0.00;0.00
outside_level_tyu;6;-28.00;119.00;2.00;90.00;-0.00;0.00
outside_level_tyu;7;30.84;1.53;0.00;90.00;-0.00;0.00
outside_level_tyu;8;-36.00;68.00;6.00;90.00;-0.00;0.00
outside_level_tyu;9;-21.00;57.00;6.00;90.00;-0.00;100.00
outside_level_tyu;10;24.14;98.84;6.45;90.00;-0.00;100.00
outside_level_buildings;1;-7.47;106.64;-4.00;0.00;-0.00;20.00
outside_level_longcube;0;-87.49;111.19;-2.89;180.00;-0.00;90.03
outside_level_longcube;1;-87.91;94.75;-3.33;180.00;-0.00;90.53
outside_level_longcube;2;-87.78;103.01;-3.16;180.00;-0.00;-0.09
outside_level_longcube;3;-96.60;103.23;-3.10;180.00;-0.00;-0.09
outside_level_longcube;4;-78.63;102.83;-3.21;180.00;-0.00;-90.82
outside_level_longcube;5;-87.91;86.75;-3.33;180.00;-0.00;90.53
outside_level_longcube;6;-87.91;77.75;-3.33;180.00;-0.00;90.53
outside_level_longcube;7;-78.63;94.83;-3.21;180.00;-0.00;-90.82
outside_level_longcube;8;-78.63;110.83;-3.21;180.00;-0.00;-90.82
outside_level_longcube;9;-96.91;94.75;-3.33;180.00;-0.00;90.53
outside_level_longcube;10;-96.91;110.75;-3.33;180.00;-0.00;90.53
outside_level_longcube;11;-87.49;120.19;-2.89;180.00;-0.00;90.03
outside_level_longcube;12;-87.49;129.19;-2.89;180.00;-0.00;90.03
outside_level_longcube;13;-105.60;103.23;-3.10;180.00;-0.00;-0.09
outside_level_longcube;14;-114.60;103.23;-3.10;180.00;-0.00;0.00
outside_level_longcube;15;-128.91;41.75;-0.33;180.00;-0.00;90.53
outside_level_longcube;16;-128.91;25.75;-0.33;180.00;-0.00;90.53
outside_level_longcube;17;-110.63;41.83;-0.21;180.00;-0.00;-90.82
outside_level_longcube;18;-110.63;25.83;-0.21;180.00;-0.00;-90.82
outside_level_longcube;19;-110.63;33.83;-0.21;180.00;-0.00;-90.82
outside_level_longcube;20;-128.60;34.23;-0.10;180.00;-0.00;-0.09
outside_level_longcube;21;-119.78;34.01;-0.16;180.00;-0.00;-0.09
outside_level_longcube;22;-119.91;25.75;-0.33;180.00;-0.00;90.53
outside_level_longcube;23;-119.49;42.19;0.11;180.00;-0.00;90.03
outside_level_longcube;24;-119.49;17.19;0.11;180.00;-0.00;90.03
outside_level_longcube;25;-119.91;0.75;-0.33;180.00;-0.00;90.53
outside_level_longcube;26;-119.78;9.01;-0.16;180.00;-0.00;-0.09
outside_level_longcube;27;-128.60;9.23;-0.10;180.00;-0.00;-0.09
outside_level_longcube;28;-110.63;8.83;-0.21;180.00;-0.00;-90.82
outside_level_longcube;30;-110.63;16.83;-0.21;180.00;-0.00;-90.82
outside_level_longcube;32;-128.91;16.75;-0.33;180.00;-0.00;90.53
outside_level_longcube;36;-103.91;71.75;-3.33;180.00;-0.00;90.53
outside_level_longcube;37;-112.91;71.75;-3.33;180.00;-0.00;90.53
outside_level_longcube;38;-123.60;103.23;-3.10;180.00;-0.00;0.00
outside_level_Cylinder;0;16.38;1.06;0.00;0.00;0.00;0.00
outside_level_hill3;0;-151.65;-166.99;2.00;0.00;-0.00;175.00
text_tag_player;1;57.19;76.35;-8.84;0.00;0.00;0.00
text_tag_player;2;-99.70;105.50;-1.47;0.00;0.00;0.00
text_tag_player;4;-159.22;124.02;-0.61;0.00;0.00;0.00
outside_level_temple_copy;0;-119.19;-97.63;16.52;0.00;0.00;0.00
outside_level_block;49;37.60;73.47;1.00;90.00;-0.00;0.00
outside_level_block;50;37.60;75.47;1.00;90.00;-0.00;0.00
outside_level_block;51;37.60;77.47;1.00;90.00;-0.00;0.00
outside_level_pillar_ground;0;-237.00;121.50;8.00;0.00;0.00;0.00
outside_level_pillar_ground;1;-249.81;78.68;8.00;0.00;-0.00;90.00
outside_level_hill3asdf;0;46.92;72.10;-3.10;0.00;-0.00;175.00
start_position;1;227.52;78.38;-24.12;0.00;-0.00;-89.22
outside_level_trappabred;0;-190.58;135.59;5.00;0.00;-0.00;255.00
outside_level_trappabred;1;-60.30;125.54;-1.02;0.00;-0.00;80.00
outside_level_trappabred;2;-195.75;116.27;5.00;0.00;-0.00;255.00
outside_level_trappabred;3;-63.77;105.84;-1.02;0.00;-0.00;80.00
outside_level_trappabred;4;-67.25;86.15;-1.02;0.00;-0.00;80.00
outside_level_trappabred;5;-70.72;66.45;-1.02;0.00;-0.00;80.00
outside_level_trappabred;6;-185.40;154.90;5.00;0.00;-0.00;255.00
outside_level_trappabred;7;-200.93;96.95;5.00;0.00;-0.00;255.00
outside_level_trappabred;8;-189.34;93.84;-1.00;0.00;-0.00;255.00
outside_level_trappabred;9;-173.81;151.80;-1.00;0.00;-0.00;255.00
outside_level_trappabred;10;-184.16;113.16;-1.00;0.00;-0.00;255.00
outside_level_trappabred;11;-178.99;132.48;-1.00;0.00;-0.00;255.00
fog_tag;0;137.30;31.25;26.08;90.00;0.00;0.00
fog_tag;1;11.86;81.21;17.83;90.00;0.00;0.00
fog_tag;2;58.86;76.21;8.83;90.00;0.00;0.00
fog_tag;3;90.86;60.21;20.83;90.00;0.00;0.00
fog_tag;4;242.11;85.03;22.59;90.00;0.00;0.00
fog_tag;5;153.79;84.40;24.30;90.00;0.00;0.00
fog_tag;6;204.43;57.43;22.40;90.00;0.00;0.00
fog_tag;7;198.33;105.84;26.19;90.00;0.00;0.00
fog_tag;8;-26.21;93.47;19.54;90.00;0.00;0.00
fog_tag;9;258.77;52.41;24.30;90.00;0.00;0.00
fog_tag;10;102.02;25.18;21.30;90.00;0.00;0.00
fog_tag;11;170.26;55.26;24.30;90.00;0.00;0.00
fog_tag;12;-13.41;53.05;23.30;90.00;0.00;0.00
fog_tag;13;-1.54;114.96;33.30;90.00;0.00;0.00
fog_tag;14;-270.21;109.47;34.54;90.00;0.00;0.00
fog_tag;15;-258.21;65.47;34.54;90.00;0.00;0.00
fog_tag;16;-320.21;63.47;34.54;90.00;0.00;0.00
fog_tag;17;-321.21;106.47;34.54;90.00;0.00;0.00
fog_tag;18;-331.21;161.47;34.54;90.00;0.00;0.00
fog_tag;19;-286.21;168.47;34.54;90.00;0.00;0.00
fog_tag;20;-301.21;139.47;34.54;90.00;0.00;0.00
mask;3;-119.21;-97.46;36.65;180.00;-0.00;180.00
outside_level_Cube;1;-36.78;95.24;2.81;180.00;-0.00;85.22
outside_level_Cube;2;7.48;119.88;5.02;0.00;-0.00;-5.04
outside_level_Cube;3;7.12;115.84;5.02;0.00;-0.00;-5.04
outside_level_Cube;4;-36.96;93.23;2.80;180.00;-0.00;85.22
outside_level_Cube;5;-37.17;91.23;3.02;0.00;-0.00;-5.04
outside_level_Cube;6;-37.33;89.25;3.02;0.00;-0.00;-5.04
outside_level_Cube;7;-37.51;87.25;3.02;0.00;-0.00;-5.04
outside_level_Cube;8;6.74;111.91;5.02;0.00;-0.00;-5.04
outside_level_Cube;9;-37.51;87.25;5.03;0.00;-0.00;-5.04
outside_level_Cube;10;-37.33;89.25;5.03;0.00;-0.00;-5.04
outside_level_Cube;11;-37.17;91.23;5.03;0.00;-0.00;-5.04
outside_level_Cube;12;-5.89;92.92;3.01;180.00;-0.00;-5.07
outside_level_Cube;13;-5.72;94.91;3.01;180.00;-0.00;-5.07
outside_level_Cube;14;23.66;87.24;2.88;180.00;-0.00;-4.78
outside_level_Cube;15;25.66;87.07;2.88;180.00;-0.00;-4.78
outside_level_Cube;16;25.83;89.08;2.88;180.00;-0.00;-4.78
outside_level_Cube;17;23.83;89.24;2.88;180.00;-0.00;-4.78
outside_level_Cube;18;3.31;72.04;4.98;0.00;-0.00;-5.04
outside_level_Cube;19;3.69;76.01;5.02;0.00;-0.00;-5.04
outside_level_Cube;20;4.03;79.99;5.02;0.00;-0.00;-5.04
outside_level_Cube;21;4.36;83.90;5.02;0.00;-0.00;-5.04
outside_level_Cube;22;4.68;87.98;5.02;0.00;-0.00;-5.04
outside_level_Cube;23;5.06;91.91;5.02;0.00;-0.00;-5.04
outside_level_Cube;24;5.42;95.94;5.02;0.00;-0.00;-5.04
outside_level_Cube;25;-11.20;55.23;3.02;0.00;-0.00;-5.04
outside_level_Cube;26;-11.37;53.25;3.02;0.00;-0.00;-5.04
outside_level_Cube;27;-11.55;51.25;3.02;0.00;-0.00;-5.04
outside_level_Cube;28;-11.55;51.25;5.03;0.00;-0.00;-5.04
outside_level_Cube;29;-37.17;91.23;7.04;0.00;-0.00;-5.04
outside_level_Cube;30;-37.51;87.25;7.04;0.00;-0.00;-5.04
outside_level_Cube;31;-37.55;75.31;7.04;0.00;-0.00;-5.04
outside_level_Cube;32;6.42;107.84;5.02;0.00;-0.00;-5.04
outside_level_Cube;33;6.09;103.93;5.02;0.00;-0.00;-5.04
outside_level_Cube;34;-11.37;53.25;5.03;0.00;-0.00;-5.04
outside_level_Cube;35;-11.20;55.23;5.03;0.00;-0.00;-5.04
outside_level_Cube;36;-11.20;55.23;7.04;0.00;-0.00;-5.04
outside_level_Cube;37;-11.55;51.25;7.04;0.00;-0.00;-5.04
outside_level_Cube;38;-11.51;63.18;7.04;0.00;-0.00;-5.04
outside_level_Cube;39;-11.16;67.16;7.04;0.00;-0.00;-5.04
outside_level_Cube;40;-11.16;67.16;5.03;0.00;-0.00;-5.04
outside_level_Cube;41;-11.33;65.18;5.03;0.00;-0.00;-5.04
outside_level_Cube;42;-11.51;63.18;5.03;0.00;-0.00;-5.04
outside_level_Cube;43;-11.51;63.18;3.02;0.00;-0.00;-5.04
outside_level_Cube;44;-11.33;65.18;3.02;0.00;-0.00;-5.04
outside_level_Cube;45;-11.16;67.16;3.02;0.00;-0.00;-5.04
outside_level_Cube;46;-10.37;75.01;2.80;180.00;-0.00;-4.78
outside_level_Cube;47;-37.20;79.29;7.04;0.00;-0.00;-5.04
outside_level_Cube;48;-37.20;79.29;5.03;0.00;-0.00;-5.04
outside_level_Cube;49;-37.37;77.31;5.03;0.00;-0.00;-5.04
outside_level_Cube;50;-37.55;75.31;5.03;0.00;-0.00;-5.04
outside_level_Cube;51;-37.55;75.31;3.02;0.00;-0.00;-5.04
outside_level_Cube;52;-37.37;77.31;3.02;0.00;-0.00;-5.04
outside_level_Cube;53;-37.20;79.29;3.02;0.00;-0.00;-5.04
outside_level_Cube;54;5.75;99.94;5.02;0.00;-0.00;-5.04
outside_level_Cube;55;-14.04;77.48;3.02;0.00;-0.00;-5.04
outside_level_Cube;56;-14.21;75.50;3.02;0.00;-0.00;-5.04
outside_level_Cube;57;-14.39;73.50;3.02;0.00;-0.00;-5.04
outside_level_Cube;58;-14.39;73.50;5.03;0.00;-0.00;-5.04
outside_level_Cube;59;-14.21;75.50;5.03;0.00;-0.00;-5.04
outside_level_Cube;60;-14.04;77.48;5.03;0.00;-0.00;-5.04
outside_level_Cube;61;-6.27;88.94;3.01;180.00;-0.00;0.00
outside_level_Cube;62;-14.20;75.46;7.04;0.00;-0.00;-5.04
outside_level_Cube;63;-12.56;73.36;7.04;0.00;-0.00;-5.04
outside_level_Cube;90;-148.03;112.60;-0.22;180.00;-0.00;29.91
outside_level_Cube;0;-149.02;114.33;-0.22;180.00;-0.00;29.91
outside_level_Cube;92;-149.02;114.33;-2.19;180.00;-0.00;29.91
outside_level_Cube;93;-148.03;112.60;-2.19;180.00;-0.00;29.91
outside_level_Cube;94;-149.75;111.59;-2.19;180.00;-0.00;29.91
outside_level_Cube;95;-150.75;113.32;-2.19;180.00;-0.00;29.91
outside_level_Cube;96;-150.75;113.32;-0.22;180.00;-0.00;29.91
outside_level_Cube;97;-149.75;111.59;-0.22;180.00;-0.00;29.91
outside_level_Cube;98;-151.48;110.59;-0.22;180.00;-0.00;29.91
outside_level_Cube;99;-152.48;112.32;-0.22;180.00;-0.00;29.91
outside_level_Cube;100;-152.48;112.32;-2.19;180.00;-0.00;29.91
outside_level_Cube;101;-151.48;110.59;-2.19;180.00;-0.00;29.91
outside_level_Cube;102;-153.23;109.59;-2.19;180.00;-0.00;29.91
outside_level_Cube;103;-154.22;111.32;-2.19;180.00;-0.00;29.91
outside_level_Cube;104;-154.22;111.32;-0.22;180.00;-0.00;29.91
outside_level_Cube;105;-153.23;109.59;-0.22;180.00;-0.00;29.91
outside_level_Cube;106;-135.09;106.21;-1.65;180.00;-0.00;29.91
outside_level_Cube;107;-133.36;107.19;-1.65;180.00;-0.00;29.91
outside_level_Cube;108;-132.37;105.44;-1.65;180.00;-0.00;29.91
outside_level_Cube;109;-134.10;104.47;-1.65;180.00;-0.00;29.91
outside_level_Cube;110;-160.13;97.51;-2.38;180.00;-0.00;29.65
outside_level_Cube;111;-161.12;99.25;-2.38;180.00;-0.00;29.65
outside_level_Cube;113;-82.16;55.69;0.82;0.00;-0.00;-0.03
outside_level_Cube;114;-84.16;55.68;0.82;0.00;-0.00;-0.03
outside_level_Cube;115;-88.17;55.63;0.82;0.00;-0.00;-0.03
outside_level_Cube;116;-86.17;55.64;0.82;0.00;-0.00;-0.03
outside_level_Cube;117;-94.13;55.60;0.82;0.00;-0.00;-0.03
outside_level_Cube;118;-96.14;55.59;0.82;0.00;-0.00;-0.03
outside_level_Cube;119;-92.13;55.63;0.82;0.00;-0.00;-0.03
outside_level_Cube;120;-90.12;55.64;0.82;0.00;-0.00;-0.03
outside_level_Cube;122;-108.10;55.54;0.82;0.00;-0.00;-0.03
outside_level_Cube;123;-112.11;55.50;0.82;0.00;-0.00;-0.03
outside_level_Cube;124;-110.10;55.51;0.82;0.00;-0.00;-0.03
outside_level_Cube;127;-100.13;55.58;0.82;0.00;-0.00;-0.03
outside_level_Cube;128;-98.13;55.59;0.82;0.00;-0.00;-0.03
outside_level_Cube;129;-114.01;55.50;0.82;0.00;-0.00;-0.03
outside_level_Cube;130;-116.01;55.49;0.82;0.00;-0.00;-0.03
outside_level_Cube;133;-125.98;55.42;0.82;0.00;-0.00;-0.03
outside_level_Cube;134;-127.99;55.41;0.82;0.00;-0.00;-0.03
outside_level_Cube;135;-123.98;55.45;0.82;0.00;-0.00;-0.03
outside_level_Cube;137;-137.94;55.37;0.82;0.00;-0.00;-0.03
outside_level_Cube;138;-139.95;55.36;0.82;0.00;-0.00;-0.03
outside_level_Cube;139;-143.96;55.32;0.82;0.00;-0.00;-0.03
outside_level_Cube;140;-141.95;55.33;0.82;0.00;-0.00;-0.03
outside_level_Cube;141;-133.99;55.37;0.82;0.00;-0.00;-0.03
outside_level_Cube;142;-135.99;55.36;0.82;0.00;-0.00;-0.03
outside_level_Cube;143;-131.98;55.40;0.82;0.00;-0.00;-0.03
outside_level_Cube;144;-129.98;55.41;0.82;0.00;-0.00;-0.03
outside_level_Cube;145;-130.98;55.41;2.82;0.00;-0.00;-0.03
outside_level_Cube;146;-132.98;55.40;2.82;0.00;-0.00;-0.03
outside_level_Cube;147;-136.99;55.36;2.82;0.00;-0.00;-0.03
outside_level_Cube;148;-134.99;55.37;2.82;0.00;-0.00;-0.03
outside_level_Cube;149;-142.95;55.33;2.82;0.00;-0.00;-0.03
outside_level_Cube;150;-144.96;55.32;2.82;0.00;-0.00;-0.03
outside_level_Cube;151;-140.95;55.36;2.82;0.00;-0.00;-0.03
outside_level_Cube;152;-138.94;55.37;2.82;0.00;-0.00;-0.03
outside_level_Cube;153;-122.97;55.46;2.82;0.00;-0.00;-0.03
outside_level_Cube;154;-124.98;55.45;2.82;0.00;-0.00;-0.03
outside_level_Cube;155;-128.99;55.41;2.82;0.00;-0.00;-0.03
outside_level_Cube;156;-126.98;55.42;2.82;0.00;-0.00;-0.03
outside_level_Cube;161;-99.13;55.59;2.82;0.00;-0.00;-0.03
outside_level_Cube;165;-111.10;55.51;2.82;0.00;-0.00;-0.03
outside_level_Cube;166;-113.11;55.50;2.82;0.00;-0.00;-0.03
outside_level_Cube;167;-109.10;55.54;2.82;0.00;-0.00;-0.03
outside_level_Cube;169;-91.12;55.64;2.82;0.00;-0.00;-0.03
outside_level_Cube;170;-93.13;55.63;2.82;0.00;-0.00;-0.03
outside_level_Cube;171;-97.14;55.59;2.82;0.00;-0.00;-0.03
outside_level_Cube;172;-95.13;55.60;2.82;0.00;-0.00;-0.03
outside_level_Cube;173;-87.17;55.64;2.82;0.00;-0.00;-0.03
outside_level_Cube;174;-89.17;55.63;2.82;0.00;-0.00;-0.03
outside_level_Cube;175;-85.16;55.68;2.82;0.00;-0.00;-0.03
outside_level_Cube;176;-83.16;55.69;2.82;0.00;-0.00;-0.03
outside_level_Cube;177;-82.16;55.69;4.82;0.00;-0.00;-0.03
outside_level_Cube;178;-84.16;55.68;4.82;0.00;-0.00;-0.03
outside_level_Cube;179;-88.17;55.63;4.82;0.00;-0.00;-0.03
outside_level_Cube;180;-86.17;55.64;4.82;0.00;-0.00;-0.03
outside_level_Cube;181;-94.13;55.60;4.82;0.00;-0.00;-0.03
outside_level_Cube;182;-96.14;55.59;4.82;0.00;-0.00;-0.03
outside_level_Cube;183;-92.13;55.63;4.82;0.00;-0.00;-0.03
outside_level_Cube;184;-90.12;55.64;4.82;0.00;-0.00;-0.03
outside_level_Cube;197;-125.98;55.42;4.82;0.00;-0.00;-0.03
outside_level_Cube;198;-127.99;55.41;4.82;0.00;-0.00;-0.03
outside_level_Cube;201;-137.94;55.37;4.82;0.00;-0.00;-0.03
outside_level_Cube;202;-139.95;55.36;4.82;0.00;-0.00;-0.03
outside_level_Cube;203;-143.96;55.32;4.82;0.00;-0.00;-0.03
outside_level_Cube;204;-141.95;55.33;4.82;0.00;-0.00;-0.03
outside_level_Cube;205;-133.99;55.37;4.82;0.00;-0.00;-0.03
outside_level_Cube;206;-135.99;55.36;4.82;0.00;-0.00;-0.03
outside_level_Cube;207;-131.98;55.40;4.82;0.00;-0.00;-0.03
outside_level_Cube;208;-129.98;55.41;4.82;0.00;-0.00;-0.03
outside_level_Cube;209;-129.98;55.41;6.82;0.00;-0.00;-0.03
outside_level_Cube;210;-133.99;55.37;6.82;0.00;-0.00;-0.03
outside_level_Cube;211;-141.95;55.33;6.82;0.00;-0.00;-0.03
outside_level_Cube;212;-137.94;55.37;6.82;0.00;-0.00;-0.03
outside_level_Cube;214;-125.98;55.42;6.82;0.00;-0.00;-0.03
outside_level_Cube;221;-90.12;55.64;6.82;0.00;-0.00;-0.03
outside_level_Cube;222;-94.13;55.60;6.82;0.00;-0.00;-0.03
outside_level_Cube;223;-86.17;55.64;6.82;0.00;-0.00;-0.03
outside_level_Cube;224;-82.16;55.69;6.82;0.00;-0.00;-0.03
outside_level_Cube;225;-81.16;55.69;2.82;0.00;-0.00;-0.03
outside_level_Cube;226;-12.21;77.34;7.04;0.00;-0.00;-5.04
outside_level_Cube;227;-12.21;77.34;5.03;0.00;-0.00;-5.04
outside_level_Cube;228;-12.38;75.36;5.03;0.00;-0.00;-5.04
outside_level_Cube;229;-12.56;73.36;5.03;0.00;-0.00;-5.04
outside_level_Cube;230;-12.56;73.36;3.02;0.00;-0.00;-5.04
outside_level_Cube;231;-12.38;75.36;3.02;0.00;-0.00;-5.04
outside_level_Cube;232;-12.21;77.34;3.02;0.00;-0.00;-5.04
text_tag_well;0;231.11;83.45;-26.87;0.00;-0.00;-89.22
text_tag_well;1;221.53;70.98;-26.87;0.00;-0.00;-89.22
text_tag_well;2;232.44;78.88;-26.87;0.00;-0.00;-89.22
text_tag_well;3;230.77;68.39;-26.87;0.00;-0.00;-89.22
text_tag_well;4;228.68;57.17;-26.29;0.00;-0.00;-89.22
outside_level_trappabredasdf;0;-270.03;124.39;10.57;0.00;-0.00;-95.00
outside_level_trappabredasdf;1;-281.85;125.38;16.97;0.00;-0.00;-95.00
outside_level_i;0;-9.82;59.15;5.01;0.00;-0.00;-95.00
outside_level_i;1;-8.70;70.86;5.00;0.00;-0.00;-95.00
outside_level_i;2;-8.00;78.81;4.99;0.00;-0.00;-95.00
outside_level_i;3;10.64;89.48;4.98;0.00;-0.00;-95.00
outside_level_i;4;10.10;81.55;4.98;0.00;-0.00;-95.00
outside_level_i;5;9.38;73.58;4.98;0.00;-0.00;-95.00
outside_level_i;6;11.44;97.52;4.98;0.00;-0.00;-95.00
outside_level_i;7;12.15;105.48;4.98;0.00;-0.00;-95.00
outside_level_i;8;12.70;113.42;4.98;0.00;-0.00;-95.00
sun_tag;0;-119.69;-96.53;44.76;90.00;0.00;0.00
outside_level_road3;0;-11.10;86.04;0.77;0.00;-0.00;-95.00
outside_level_hillerg;0;87.38;65.45;-7.70;0.00;-0.00;175.00
outside_level_road;0;149.42;70.71;-8.77;0.00;0.00;0.00
outside_level_Pelare_v1;0;92.57;55.53;-5.09;0.00;0.00;0.00
outside_level_Pelare_v1;1;97.14;62.08;-5.09;0.00;0.00;0.00
outside_level_Pelare_v1;2;93.84;64.37;-5.10;0.00;0.00;0.00
outside_level_Pelare_v1;3;90.56;66.72;-5.65;-5.96;-8.39;0.06
outside_level_Pelare_v1;4;86.02;60.17;-5.47;-3.49;-7.59;-2.21
outside_level_Pelare_v1;5;89.32;57.85;-5.09;0.00;0.00;0.00
outside_level_Pelare_v1;6;76.74;62.34;-9.19;0.00;0.00;0.00
outside_level_Pelare_v1;7;70.75;69.86;-9.19;0.00;0.00;0.00
outside_level_Pelare_v1;8;18.39;61.64;3.00;0.00;0.00;0.00
outside_level_Pelare_v1;9;66.83;77.72;-9.19;0.00;0.00;0.00
outside_level_Pelare_v1;10;66.78;69.78;-9.19;0.00;0.00;0.00
outside_level_Pelare_v1;11;64.80;69.83;-9.19;0.00;0.00;0.00
outside_level_Pelare_v1;12;64.85;77.77;-9.19;0.00;0.00;0.00
outside_level_Pelare_v1;13;60.82;69.83;-9.21;0.00;0.00;0.00
outside_level_Pelare_v1;14;60.82;77.84;-9.21;0.00;0.00;0.00
outside_level_Pelare_v1;15;60.82;79.94;-9.21;0.00;0.00;0.00
outside_level_Pelare_v1;16;60.82;79.94;-7.20;0.00;0.00;0.00
outside_level_Pelare_v1;17;60.82;77.84;-7.20;0.00;0.00;0.00
outside_level_Pelare_v1;18;37.61;71.49;2.98;0.00;0.00;0.00
outside_level_Pelare_v1;19;37.56;79.48;2.81;0.00;0.00;0.00
outside_level_Pelare_v1;20;37.56;79.48;4.74;0.00;0.00;0.00
outside_level_Pelare_v1;21;37.61;71.49;4.92;0.00;0.00;0.00
outside_level_Pelare_v1;22;37.61;71.49;6.80;0.00;0.00;0.00
outside_level_Pelare_v1;23;37.56;79.48;6.62;0.00;0.00;0.00
outside_level_Pelare_v1;24;8.98;57.41;2.93;0.00;0.00;0.00
outside_level_Pelare_v1;25;4.32;59.85;2.97;0.00;0.00;0.00
outside_level_Pelare_v1;26;-0.98;58.33;2.87;0.00;0.00;0.00
outside_level_Pelare_v1;27;-6.25;88.93;6.80;0.00;0.00;0.00
outside_level_Pelare_v1;28;-6.25;88.93;4.81;0.00;0.00;0.00
outside_level_Pelare_v1;29;-0.98;58.33;4.78;0.00;0.00;0.00
outside_level_Pelare_v1;30;4.32;59.85;4.93;0.00;0.00;0.00
outside_level_Pelare_v1;31;18.39;61.64;5.00;0.00;0.00;0.00
outside_level_Pelare_v1;32;-136.81;105.15;-1.72;0.00;0.00;0.00
outside_level_Pelare_v1;33;-145.67;102.41;0.02;0.00;0.00;0.00
outside_level_Pelare_v1;34;-146.68;96.14;0.12;0.00;0.00;0.00
outside_level_Pelare_v1;35;-146.68;96.14;-1.89;0.00;0.00;0.00
outside_level_Pelare_v1;36;-145.67;102.41;-1.99;0.00;0.00;0.00
outside_level_Pelare_v1;37;-159.13;95.65;-2.30;0.00;0.00;0.00
outside_level_Pelare_v1;38;-151.37;110.47;1.68;0.00;0.00;0.00
outside_level_Pelare_v1;39;-152.64;112.36;1.68;0.00;0.00;0.00
outside_level_Pelare_v1;40;-165.62;112.80;-3.14;0.00;0.00;0.00
outside_level_Pelare_v1;41;-147.38;123.36;-2.27;0.00;0.00;0.00
outside_level_Pelare_v1;42;-152.64;112.36;3.51;0.00;0.00;0.00
outside_level_Pelare_v1;43;-151.37;110.47;3.51;0.00;0.00;0.00
outside_level_Pelare_v1;44;-152.64;112.36;5.36;0.00;0.00;0.00
outside_level_Pelare_v1;45;-147.38;123.36;-0.51;0.00;0.00;0.00
outside_level_Pelare_v1;46;-165.62;112.80;-1.43;0.00;0.00;0.00
outside_level_Pelare_v1;47;-216.97;114.01;9.90;0.00;0.00;0.00
outside_level_Pelare_v1;49;-216.97;114.01;11.90;0.00;0.00;0.00
outside_level_Pelare_v1;50;-216.90;119.08;13.59;0.00;0.00;0.00
outside_level_Pelare_v1;51;-216.90;119.08;9.87;0.00;0.00;0.00
outside_level_Pelare_v1;52;-216.90;119.08;11.59;0.00;0.00;0.00
outside_level_Pelare_v1;53;-216.95;124.92;11.59;0.00;0.00;0.00
outside_level_Pelare_v1;54;-216.95;124.92;9.87;0.00;0.00;0.00
outside_level_Pelare_v1;55;-216.95;124.92;13.59;0.00;0.00;0.00
outside_level_Pelare_v1;56;-217.06;130.44;13.59;0.00;0.00;0.00
outside_level_Pelare_v1;57;-217.06;130.44;9.87;0.00;0.00;0.00
outside_level_Pelare_v1;58;-217.06;130.44;11.59;0.00;0.00;0.00
outside_level_Pelare_v1;59;-222.37;130.44;11.59;0.00;0.00;0.00
outside_level_Pelare_v1;60;-222.37;130.44;9.87;0.00;0.00;0.00
outside_level_Pelare_v1;61;-222.37;130.44;13.59;0.00;0.00;0.00
outside_level_Pelare_v1;62;-222.26;124.92;13.59;0.00;0.00;0.00
outside_level_Pelare_v1;63;-222.26;124.92;9.87;0.00;0.00;0.00
outside_level_Pelare_v1;64;-222.26;124.92;11.59;0.00;0.00;0.00
outside_level_Pelare_v1;65;-222.21;119.08;11.59;0.00;0.00;0.00
outside_level_Pelare_v1;66;-222.21;119.08;9.87;0.00;0.00;0.00
outside_level_Pelare_v1;67;-222.21;119.08;13.59;0.00;0.00;0.00
outside_level_Pelare_v1;68;-222.29;114.01;13.59;0.00;0.00;0.00
outside_level_Pelare_v1;69;-222.29;114.01;9.87;0.00;0.00;0.00
outside_level_Pelare_v1;70;-222.29;114.01;11.59;0.00;0.00;0.00
outside_level_Pelare_v1;71;-232.49;114.01;11.59;0.00;0.00;0.00
outside_level_Pelare_v1;72;-232.49;114.01;9.87;0.00;0.00;0.00
outside_level_Pelare_v1;73;-232.49;114.01;13.59;0.00;0.00;0.00
outside_level_Pelare_v1;74;-232.41;119.08;13.59;0.00;0.00;0.00
outside_level_Pelare_v1;75;-232.41;119.08;9.87;0.00;0.00;0.00
outside_level_Pelare_v1;76;-232.41;119.08;11.59;0.00;0.00;0.00
outside_level_Pelare_v1;77;-232.46;124.92;11.59;0.00;0.00;0.00
outside_level_Pelare_v1;78;-232.46;124.92;9.87;0.00;0.00;0.00
outside_level_Pelare_v1;79;-232.46;124.92;13.59;0.00;0.00;0.00
outside_level_Pelare_v1;80;-232.57;130.44;13.59;0.00;0.00;0.00
outside_level_Pelare_v1;81;-232.57;130.44;9.87;0.00;0.00;0.00
outside_level_Pelare_v1;82;-232.57;130.44;11.59;0.00;0.00;0.00
outside_level_Pelare_v1;83;-227.26;130.44;11.59;0.00;0.00;0.00
outside_level_Pelare_v1;84;-227.26;130.44;9.87;0.00;0.00;0.00
outside_level_Pelare_v1;85;-227.26;130.44;13.59;0.00;0.00;0.00
outside_level_Pelare_v1;86;-227.15;124.92;13.59;0.00;0.00;0.00
outside_level_Pelare_v1;87;-227.15;124.92;9.87;0.00;0.00;0.00
outside_level_Pelare_v1;88;-227.15;124.92;11.59;0.00;0.00;0.00
outside_level_Pelare_v1;89;-227.10;119.08;11.59;0.00;0.00;0.00
outside_level_Pelare_v1;90;-227.10;119.08;9.87;0.00;0.00;0.00
outside_level_Pelare_v1;91;-227.10;119.08;13.59;0.00;0.00;0.00
outside_level_Pelare_v1;92;-227.18;114.01;13.59;0.00;0.00;0.00
outside_level_Pelare_v1;93;-227.18;114.01;9.87;0.00;0.00;0.00
outside_level_Pelare_v1;94;-227.18;114.01;11.59;0.00;0.00;0.00
outside_level_Pelare_v1;95;-248.68;114.01;11.59;0.00;0.00;0.00
outside_level_Pelare_v1;96;-248.68;114.01;9.87;0.00;0.00;0.00
outside_level_Pelare_v1;97;-248.68;114.01;13.59;0.00;0.00;0.00
outside_level_Pelare_v1;98;-248.61;119.08;13.59;0.00;0.00;0.00
outside_level_Pelare_v1;99;-248.61;119.08;9.87;0.00;0.00;0.00
outside_level_Pelare_v1;100;-248.61;119.08;11.59;0.00;0.00;0.00
outside_level_Pelare_v1;101;-248.66;124.92;11.59;0.00;0.00;0.00
outside_level_Pelare_v1;102;-248.66;124.92;9.87;0.00;0.00;0.00
outside_level_Pelare_v1;103;-248.66;124.92;13.59;0.00;0.00;0.00
outside_level_Pelare_v1;104;-248.76;130.44;13.59;0.00;0.00;0.00
outside_level_Pelare_v1;105;-248.76;130.44;9.87;0.00;0.00;0.00
outside_level_Pelare_v1;106;-248.76;130.44;11.59;0.00;0.00;0.00
outside_level_Pelare_v1;107;-254.08;130.44;11.59;0.00;0.00;0.00
outside_level_Pelare_v1;108;-254.08;130.44;9.87;0.00;0.00;0.00
outside_level_Pelare_v1;109;-254.08;130.44;13.59;0.00;0.00;0.00
outside_level_Pelare_v1;110;-253.97;124.92;13.59;0.00;0.00;0.00
outside_level_Pelare_v1;111;-253.97;124.92;9.87;0.00;0.00;0.00
outside_level_Pelare_v1;112;-253.97;124.92;11.59;0.00;0.00;0.00
outside_level_Pelare_v1;113;-253.92;119.08;11.59;0.00;0.00;0.00
outside_level_Pelare_v1;114;-253.92;119.08;9.87;0.00;0.00;0.00
outside_level_Pelare_v1;115;-253.92;119.08;13.59;0.00;0.00;0.00
outside_level_Pelare_v1;116;-253.99;114.01;13.59;0.00;0.00;0.00
outside_level_Pelare_v1;117;-253.99;114.01;9.87;0.00;0.00;0.00
outside_level_Pelare_v1;118;-253.99;114.01;11.59;0.00;0.00;0.00
outside_level_Pelare_v1;119;-243.79;114.01;11.59;0.00;0.00;0.00
outside_level_Pelare_v1;120;-243.79;114.01;9.87;0.00;0.00;0.00
outside_level_Pelare_v1;121;-243.79;114.01;13.59;0.00;0.00;0.00
outside_level_Pelare_v1;122;-243.72;119.08;13.59;0.00;0.00;0.00
outside_level_Pelare_v1;123;-243.72;119.08;9.87;0.00;0.00;0.00
outside_level_Pelare_v1;124;-243.72;119.08;11.59;0.00;0.00;0.00
outside_level_Pelare_v1;125;-243.77;124.92;11.59;0.00;0.00;0.00
outside_level_Pelare_v1;126;-243.77;124.92;9.87;0.00;0.00;0.00
outside_level_Pelare_v1;127;-243.77;124.92;13.59;0.00;0.00;0.00
outside_level_Pelare_v1;128;-243.87;130.44;13.59;0.00;0.00;0.00
outside_level_Pelare_v1;129;-243.87;130.44;9.87;0.00;0.00;0.00
outside_level_Pelare_v1;130;-243.87;130.44;11.59;0.00;0.00;0.00
outside_level_Pelare_v1;131;-238.56;130.44;11.59;0.00;0.00;0.00
outside_level_Pelare_v1;132;-238.56;130.44;9.87;0.00;0.00;0.00
outside_level_Pelare_v1;133;-238.56;130.44;13.59;0.00;0.00;0.00
outside_level_Pelare_v1;134;-238.46;124.92;13.59;0.00;0.00;0.00
outside_level_Pelare_v1;135;-238.46;124.92;9.87;0.00;0.00;0.00
outside_level_Pelare_v1;136;-238.46;124.92;11.59;0.00;0.00;0.00
outside_level_Pelare_v1;137;-238.41;119.08;11.59;0.00;0.00;0.00
outside_level_Pelare_v1;138;-238.41;119.08;9.87;0.00;0.00;0.00
outside_level_Pelare_v1;139;-238.41;119.08;13.59;0.00;0.00;0.00
outside_level_Pelare_v1;140;-238.48;114.01;13.59;0.00;0.00;0.00
outside_level_Pelare_v1;141;-238.48;114.01;9.87;0.00;0.00;0.00
outside_level_Pelare_v1;142;-238.48;114.01;11.59;0.00;0.00;0.00
outside_level_Pelare_v1;143;-259.41;114.01;11.59;0.00;0.00;0.00
outside_level_Pelare_v1;144;-259.41;114.01;9.87;0.00;0.00;0.00
outside_level_Pelare_v1;145;-259.41;114.01;13.59;0.00;0.00;0.00
outside_level_Pelare_v1;146;-259.33;119.08;13.59;0.00;0.00;0.00
outside_level_Pelare_v1;147;-259.33;119.08;9.87;0.00;0.00;0.00
outside_level_Pelare_v1;148;-259.33;119.08;11.59;0.00;0.00;0.00
outside_level_Pelare_v1;149;-259.39;124.92;11.59;0.00;0.00;0.00
outside_level_Pelare_v1;150;-259.39;124.92;9.87;0.00;0.00;0.00
outside_level_Pelare_v1;151;-259.39;124.92;13.59;0.00;0.00;0.00
outside_level_Pelare_v1;152;-259.49;130.44;13.59;0.00;0.00;0.00
outside_level_Pelare_v1;153;-259.49;130.44;9.87;0.00;0.00;0.00
outside_level_Pelare_v1;154;-259.49;130.44;11.59;0.00;0.00;0.00
outside_level_Pelare_v1;155;-257.93;56.59;11.59;0.00;-0.00;89.88
outside_level_Pelare_v1;156;-257.93;56.59;9.87;0.00;-0.00;89.88
outside_level_Pelare_v1;157;-257.93;56.59;13.59;0.00;-0.00;89.88
outside_level_Pelare_v1;158;-252.40;56.68;13.59;0.00;-0.00;89.88
outside_level_Pelare_v1;159;-252.40;56.68;9.87;0.00;-0.00;89.88
outside_level_Pelare_v1;160;-252.40;56.68;11.59;0.00;-0.00;89.88
outside_level_Pelare_v1;161;-246.57;56.72;11.59;0.00;-0.00;89.88
outside_level_Pelare_v1;162;-246.57;56.72;9.87;0.00;-0.00;89.88
outside_level_Pelare_v1;163;-246.57;56.72;13.59;0.00;-0.00;89.88
outside_level_Pelare_v1;164;-241.50;56.64;13.59;0.00;-0.00;89.88
outside_level_Pelare_v1;165;-241.50;56.64;9.87;0.00;-0.00;89.88
outside_level_Pelare_v1;166;-241.50;56.64;11.59;0.00;-0.00;89.88
outside_level_Pelare_v1;167;-241.45;77.56;11.59;0.00;-0.00;89.88
outside_level_Pelare_v1;168;-241.45;77.56;9.87;0.00;-0.00;89.88
outside_level_Pelare_v1;169;-241.45;77.56;13.59;0.00;-0.00;89.88
outside_level_Pelare_v1;170;-246.52;77.65;13.59;0.00;-0.00;89.88
outside_level_Pelare_v1;171;-246.52;77.65;9.87;0.00;-0.00;89.88
outside_level_Pelare_v1;172;-246.52;77.65;11.59;0.00;-0.00;89.88
outside_level_Pelare_v1;173;-252.36;77.61;11.59;0.00;-0.00;89.88
outside_level_Pelare_v1;174;-252.36;77.61;9.87;0.00;-0.00;89.88
outside_level_Pelare_v1;175;-252.36;77.61;13.59;0.00;-0.00;89.88
outside_level_Pelare_v1;176;-257.88;77.52;13.59;0.00;-0.00;89.88
outside_level_Pelare_v1;177;-257.88;77.52;9.87;0.00;-0.00;89.88
outside_level_Pelare_v1;178;-257.88;77.52;11.59;0.00;-0.00;89.88
outside_level_Pelare_v1;179;-257.89;72.21;11.59;0.00;-0.00;89.88
outside_level_Pelare_v1;180;-257.89;72.21;9.87;0.00;-0.00;89.88
outside_level_Pelare_v1;181;-257.89;72.21;13.59;0.00;-0.00;89.88
outside_level_Pelare_v1;182;-252.37;72.30;13.59;0.00;-0.00;89.88
outside_level_Pelare_v1;183;-252.37;72.30;9.87;0.00;-0.00;89.88
outside_level_Pelare_v1;184;-252.37;72.30;11.59;0.00;-0.00;89.88
outside_level_Pelare_v1;185;-246.54;72.34;11.59;0.00;-0.00;89.88
outside_level_Pelare_v1;186;-246.54;72.34;9.87;0.00;-0.00;89.88
outside_level_Pelare_v1;187;-246.54;72.34;13.59;0.00;-0.00;89.88
outside_level_Pelare_v1;188;-241.46;72.25;13.59;0.00;-0.00;89.88
outside_level_Pelare_v1;189;-241.46;72.25;9.87;0.00;-0.00;89.88
outside_level_Pelare_v1;190;-241.46;72.25;11.59;0.00;-0.00;89.88
outside_level_Pelare_v1;191;-241.48;62.05;11.59;0.00;-0.00;89.88
outside_level_Pelare_v1;192;-241.48;62.05;9.87;0.00;-0.00;89.88
outside_level_Pelare_v1;193;-241.48;62.05;13.59;0.00;-0.00;89.88
outside_level_Pelare_v1;194;-246.56;62.14;13.59;0.00;-0.00;89.88
outside_level_Pelare_v1;195;-246.56;62.14;9.87;0.00;-0.00;89.88
outside_level_Pelare_v1;196;-246.56;62.14;11.59;0.00;-0.00;89.88
outside_level_Pelare_v1;197;-252.39;62.10;11.59;0.00;-0.00;89.88
outside_level_Pelare_v1;198;-252.39;62.10;9.87;0.00;-0.00;89.88
outside_level_Pelare_v1;199;-252.39;62.10;13.59;0.00;-0.00;89.88
outside_level_Pelare_v1;200;-257.91;62.00;13.59;0.00;-0.00;89.88
outside_level_Pelare_v1;201;-257.91;62.00;9.87;0.00;-0.00;89.88
outside_level_Pelare_v1;202;-257.91;62.00;11.59;0.00;-0.00;89.88
outside_level_Pelare_v1;203;-257.90;67.31;11.59;0.00;-0.00;89.88
outside_level_Pelare_v1;204;-257.90;67.31;9.87;0.00;-0.00;89.88
outside_level_Pelare_v1;205;-257.90;67.31;13.59;0.00;-0.00;89.88
outside_level_Pelare_v1;206;-252.38;67.41;13.59;0.00;-0.00;89.88
outside_level_Pelare_v1;207;-252.38;67.41;9.87;0.00;-0.00;89.88
outside_level_Pelare_v1;208;-252.38;67.41;11.59;0.00;-0.00;89.88
outside_level_Pelare_v1;209;-246.55;67.45;11.59;0.00;-0.00;89.88
outside_level_Pelare_v1;210;-246.55;67.45;9.87;0.00;-0.00;89.88
outside_level_Pelare_v1;211;-246.55;67.45;13.59;0.00;-0.00;89.88
outside_level_Pelare_v1;212;-241.47;67.36;13.59;0.00;-0.00;89.88
outside_level_Pelare_v1;213;-241.47;67.36;9.87;0.00;-0.00;89.88
outside_level_Pelare_v1;214;-241.47;67.36;11.59;0.00;-0.00;89.88
outside_level_Pelare_v1;215;-241.43;88.87;11.59;0.00;-0.00;89.88
outside_level_Pelare_v1;216;-241.43;88.87;9.87;0.00;-0.00;89.88
outside_level_Pelare_v1;217;-241.43;88.87;13.59;0.00;-0.00;89.88
outside_level_Pelare_v1;218;-246.50;88.96;13.59;0.00;-0.00;89.88
outside_level_Pelare_v1;219;-246.50;88.96;9.87;0.00;-0.00;89.88
outside_level_Pelare_v1;220;-246.50;88.96;11.59;0.00;-0.00;89.88
outside_level_Pelare_v1;221;-252.34;88.92;11.59;0.00;-0.00;89.88
outside_level_Pelare_v1;222;-252.34;88.92;9.87;0.00;-0.00;89.88
outside_level_Pelare_v1;223;-252.34;88.92;13.59;0.00;-0.00;89.88
outside_level_Pelare_v1;224;-257.86;88.82;13.59;0.00;-0.00;89.88
outside_level_Pelare_v1;225;-257.86;88.82;9.87;0.00;-0.00;89.88
outside_level_Pelare_v1;226;-257.86;88.82;11.59;0.00;-0.00;89.88
outside_level_Pelare_v1;227;-257.87;83.51;11.59;0.00;-0.00;89.88
outside_level_Pelare_v1;228;-257.87;83.51;9.87;0.00;-0.00;89.88
outside_level_Pelare_v1;229;-257.87;83.51;13.59;0.00;-0.00;89.88
outside_level_Pelare_v1;230;-252.35;83.60;13.59;0.00;-0.00;89.88
outside_level_Pelare_v1;231;-252.35;83.60;9.87;0.00;-0.00;89.88
outside_level_Pelare_v1;232;-252.35;83.60;11.59;0.00;-0.00;89.88
outside_level_Pelare_v1;233;-246.51;83.65;11.59;0.00;-0.00;89.88
outside_level_Pelare_v1;234;-246.51;83.65;9.87;0.00;-0.00;89.88
outside_level_Pelare_v1;235;-246.51;83.65;13.59;0.00;-0.00;89.88
outside_level_Pelare_v1;236;-241.44;83.56;13.59;0.00;-0.00;89.88
outside_level_Pelare_v1;237;-241.44;83.56;9.87;0.00;-0.00;89.88
outside_level_Pelare_v1;238;-241.44;83.56;11.59;0.00;-0.00;89.88
outside_level_Pelare_v1;239;-241.42;93.76;11.59;0.00;-0.00;89.88
outside_level_Pelare_v1;240;-241.42;93.76;9.87;0.00;-0.00;89.88
outside_level_Pelare_v1;241;-241.42;93.76;13.59;0.00;-0.00;89.88
outside_level_Pelare_v1;242;-246.49;93.85;13.59;0.00;-0.00;89.88
outside_level_Pelare_v1;243;-246.49;93.85;9.87;0.00;-0.00;89.88
outside_level_Pelare_v1;244;-246.49;93.85;11.59;0.00;-0.00;89.88
outside_level_Pelare_v1;245;-252.33;93.81;11.59;0.00;-0.00;89.88
outside_level_Pelare_v1;246;-252.33;93.81;9.87;0.00;-0.00;89.88
outside_level_Pelare_v1;247;-252.33;93.81;13.59;0.00;-0.00;89.88
outside_level_Pelare_v1;248;-257.85;93.71;13.59;0.00;-0.00;89.88
outside_level_Pelare_v1;249;-257.85;93.71;9.87;0.00;-0.00;89.88
outside_level_Pelare_v1;250;-257.85;93.71;11.59;0.00;-0.00;89.88
outside_level_Pelare_v1;251;-257.84;99.02;11.59;0.00;-0.00;89.88
outside_level_Pelare_v1;252;-257.84;99.02;9.87;0.00;-0.00;89.88
outside_level_Pelare_v1;253;-257.84;99.02;13.59;0.00;-0.00;89.88
outside_level_Pelare_v1;254;-252.32;99.12;13.59;0.00;-0.00;89.88
outside_level_Pelare_v1;255;-252.32;99.12;9.87;0.00;-0.00;89.88
outside_level_Pelare_v1;256;-252.32;99.12;11.59;0.00;-0.00;89.88
outside_level_Pelare_v1;257;-246.48;99.16;11.59;0.00;-0.00;89.88
outside_level_Pelare_v1;258;-246.48;99.16;9.87;0.00;-0.00;89.88
outside_level_Pelare_v1;259;-246.48;99.16;13.59;0.00;-0.00;89.88
outside_level_Pelare_v1;260;-241.41;99.07;13.59;0.00;-0.00;89.88
outside_level_Pelare_v1;261;-241.41;99.07;9.87;0.00;-0.00;89.88
outside_level_Pelare_v1;262;-241.41;99.07;11.59;0.00;-0.00;89.88
outside_level_Pelare_v1;263;-292.83;105.99;24.52;0.00;0.00;-94.39
outside_level_Pelare_v1;264;-292.83;105.99;20.80;0.00;0.00;-94.39
outside_level_Pelare_v1;265;-292.83;105.99;22.52;0.00;0.00;-94.39
outside_level_Pelare_v1;266;-298.65;106.38;22.52;0.00;0.00;-94.39
outside_level_Pelare_v1;267;-298.65;106.38;20.80;0.00;0.00;-94.39
outside_level_Pelare_v1;268;-298.65;106.38;24.52;0.00;0.00;-94.39
outside_level_Pelare_v1;269;-303.70;106.84;24.52;0.00;0.00;-94.39
outside_level_Pelare_v1;270;-303.70;106.84;20.80;0.00;0.00;-94.39
outside_level_Pelare_v1;271;-303.70;106.84;22.52;0.00;0.00;-94.39
outside_level_Pelare_v1;272;-303.28;111.73;22.52;0.00;0.00;-94.39
outside_level_Pelare_v1;273;-303.28;111.73;20.80;0.00;0.00;-94.39
outside_level_Pelare_v1;274;-303.28;111.73;24.52;0.00;0.00;-94.39
outside_level_Pelare_v1;275;-298.23;111.27;24.52;0.00;0.00;-94.39
outside_level_Pelare_v1;276;-298.23;111.27;20.80;0.00;0.00;-94.39
outside_level_Pelare_v1;277;-298.23;111.27;22.52;0.00;0.00;-94.39
outside_level_Pelare_v1;278;-292.40;110.87;22.52;0.00;0.00;-94.39
outside_level_Pelare_v1;279;-292.40;110.87;20.80;0.00;0.00;-94.39
outside_level_Pelare_v1;280;-292.40;110.87;24.52;0.00;0.00;-94.39
outside_level_Pelare_v1;281;-292.04;115.81;24.52;0.00;0.00;-94.39
outside_level_Pelare_v1;282;-292.04;115.81;20.80;0.00;0.00;-94.39
outside_level_Pelare_v1;283;-292.04;115.81;22.52;0.00;0.00;-94.39
outside_level_Pelare_v1;284;-297.86;116.21;22.52;0.00;0.00;-94.39
outside_level_Pelare_v1;285;-297.86;116.21;20.80;0.00;0.00;-94.39
outside_level_Pelare_v1;286;-297.86;116.21;24.52;0.00;0.00;-94.39
outside_level_Pelare_v1;287;-302.91;116.67;24.52;0.00;0.00;-94.39
outside_level_Pelare_v1;288;-302.91;116.67;20.80;0.00;0.00;-94.39
outside_level_Pelare_v1;289;-302.91;116.67;22.52;0.00;0.00;-94.39
outside_level_Pelare_v1;290;-300.51;147.40;22.52;0.00;0.00;-94.39
outside_level_Pelare_v1;291;-300.51;147.40;20.80;0.00;0.00;-94.39
outside_level_Pelare_v1;292;-300.51;147.40;24.52;0.00;0.00;-94.39
outside_level_Pelare_v1;293;-295.46;146.93;24.52;0.00;0.00;-94.39
outside_level_Pelare_v1;294;-295.46;146.93;20.80;0.00;0.00;-94.39
outside_level_Pelare_v1;295;-295.46;146.93;22.52;0.00;0.00;-94.39
outside_level_Pelare_v1;296;-289.64;146.54;22.52;0.00;0.00;-94.39
outside_level_Pelare_v1;297;-289.64;146.54;20.80;0.00;0.00;-94.39
outside_level_Pelare_v1;298;-289.64;146.54;24.52;0.00;0.00;-94.39
outside_level_Pelare_v1;299;-290.01;141.60;24.52;0.00;0.00;-94.39
outside_level_Pelare_v1;300;-290.01;141.60;20.80;0.00;0.00;-94.39
outside_level_Pelare_v1;301;-290.01;141.60;22.52;0.00;0.00;-94.39
outside_level_Pelare_v1;302;-295.83;141.99;22.52;0.00;0.00;-94.39
outside_level_Pelare_v1;303;-295.83;141.99;20.80;0.00;0.00;-94.39
outside_level_Pelare_v1;304;-295.83;141.99;24.52;0.00;0.00;-94.39
outside_level_Pelare_v1;305;-300.88;142.46;24.52;0.00;0.00;-94.39
outside_level_Pelare_v1;306;-300.88;142.46;20.80;0.00;0.00;-94.39
outside_level_Pelare_v1;307;-300.88;142.46;22.52;0.00;0.00;-94.39
outside_level_Pelare_v1;308;-301.30;137.57;22.52;0.00;0.00;-94.39
outside_level_Pelare_v1;309;-301.30;137.57;20.80;0.00;0.00;-94.39
outside_level_Pelare_v1;310;-301.30;137.57;24.52;0.00;0.00;-94.39
outside_level_Pelare_v1;311;-296.25;137.11;24.52;0.00;0.00;-94.39
outside_level_Pelare_v1;312;-296.25;137.11;20.80;0.00;0.00;-94.39
outside_level_Pelare_v1;313;-296.25;137.11;22.52;0.00;0.00;-94.39
outside_level_Pelare_v1;314;-290.43;136.71;22.52;0.00;0.00;-94.39
outside_level_Pelare_v1;315;-290.43;136.71;20.80;0.00;0.00;-94.39
outside_level_Pelare_v1;316;-290.43;136.71;24.52;0.00;0.00;-94.39
outside_level_road2;0;68.19;72.55;-10.65;0.00;-0.00;-30.00
outside_level_path_stair;0;51.00;81.00;-6.00;90.00;-0.00;0.00
outside_level_mountains;0;-166.99;-169.36;-93.73;0.00;0.00;0.00
sound_tag_deer;0;169.63;74.80;-4.09;0.00;0.00;0.00
outside_level_statue;0;215.20;73.50;-7.44;0.00;-0.00;-75.00
outside_level_statue;1;-43.04;105.79;4.56;0.00;-0.00;-405.00
outside_level_groundaa;0;152.84;58.44;-9.33;0.00;-0.00;175.00
